"Designator","Value","Footprint","Quantity","Manufacturer","MPN","DNP","Holder_MPN","Holder_Manufacturer","Assembly_Note","Selection_Status"
"C1","22n","Capacitor_SMD:C_0805_2012Metric","1","TDK","C2012C0G2A223J125AC","","","","","22 nF 5% C0G in series with R4 from GATE_PIN to GND. PDB-only candidate; original Osiris eFuse configuration retained."
"C2","1U0","Capacitor_SMD:C_0805_2012Metric","1","TDK","C2012X7R1H105K125AB","","","","","Nominal specification verified; DC-bias and circuit validation pending"
"C3","100n","Capacitor_SMD:C_0603_1608Metric","1","KEMET","C0603C104K4RACTU","","","","","Nominal specification verified; DC-bias and circuit validation pending"
"C4","10u","Capacitor_SMD:C_1206_3216Metric","1","TDK","C3216X7R1H106K160AC","","","","","10 uF local U3 input capacitor on protected PDB_VOUT."
"C5","100n","Capacitor_SMD:C_0603_1608Metric","1","KEMET","C0603C104K4RACTU","","","","","Nominal specification verified; DC-bias and circuit validation pending"
"C6","10u","Capacitor_SMD:C_0805_2012Metric","1","TDK","C2012X7R1A106K125AC","","","","","A-P2 LT3010 output capacitor: require >=1 uF effective over bias/temperature and ESR <=3 ohms. Confirm manufacturer bias curve and assembled stability."
"C7","100n","Capacitor_SMD:C_0603_1608Metric","1","TDK","C1608X7R1H104K080AA","","","","","Nominal specification verified; DC-bias and circuit validation pending"
"C8","100n","Capacitor_SMD:C_0603_1608Metric","1","KEMET","C0603C104K4RACTU","","","","","Nominal specification verified; DC-bias and circuit validation pending"
"C9","10u","Capacitor_SMD:C_1206_3216Metric","1","TDK","C3216X7R1H106K160AC","","","","","Output bulk capacitor; final total downstream capacitance and startup load must meet the proposed September 15 envelope. Inrush not qualified."
"C10","100n","Capacitor_SMD:C_0603_1608Metric","1","KEMET","C0603C104K4RACTU","","","","","A-P2 U3 feedback network; layout and assembled transient verification required."
"C11","1u","PDB_Footprints:C_Rect_L7.2mm_W4.5mm_P5.00mm_JLC","1","TDK","B32529C0105J189","","","","","Selected: 1 uF 63 V 5% polyester film. SPICE uses 0.9 uF minimum effective capacitance; verify mounted pulse and temperature behavior."
"C12","1u","PDB_Footprints:C_Rect_L7.2mm_W4.5mm_P5.00mm_JLC","1","TDK","B32529C0105J189","","","","","Selected: 1 uF 63 V 5% polyester film. SPICE uses 0.9 uF minimum effective capacitance; verify mounted pulse and temperature behavior."
"C13","1u","PDB_Footprints:C_Rect_L7.2mm_W4.5mm_P5.00mm_JLC","1","TDK","B32529C0105J189","","","","","Selected: 1 uF 63 V 5% polyester film. SPICE uses 0.9 uF minimum effective capacitance; verify mounted pulse and temperature behavior."
"C14","1u","PDB_Footprints:C_Rect_L7.2mm_W4.5mm_P5.00mm_JLC","1","TDK","B32529C0105J189","","","","","Selected: 1 uF 63 V 5% polyester film. SPICE uses 0.9 uF minimum effective capacitance; verify mounted pulse and temperature behavior."
"C15","1u","PDB_Footprints:C_Rect_L7.2mm_W4.5mm_P5.00mm_JLC","1","TDK","B32529C0105J189","","","","","Selected: 1 uF 63 V 5% polyester film. SPICE uses 0.9 uF minimum effective capacitance; verify mounted pulse and temperature behavior."
"C16","1u","PDB_Footprints:C_Rect_L7.2mm_W4.5mm_P5.00mm_JLC","1","TDK","B32529C0105J189","","","","","Selected: 1 uF 63 V 5% polyester film. SPICE uses 0.9 uF minimum effective capacitance; verify mounted pulse and temperature behavior."
"C17","470u 35V HYBRID","PDB_Footprints:CP_Elec_Panasonic_G16_10x16.5","1","Panasonic","EEHZS1V471P","","","","","Selected EEHZS1V471P G16; 10 mm diameter, 16.5 mm height. Additional ESC-side capacitor and harness transient/ripple tests required."
"C18","1u 50V X7R","Capacitor_SMD:C_0805_2012Metric","1","TDK","C2012X7R1H105K125AB","","","","","Prototype selection: 1 uF 50 V X7R 10%, 0805. Nominal specifications verified against manufacturer; installed bias/ripple validation pending."
"C19","100n 50V X7R","Capacitor_SMD:C_0805_2012Metric","1","KEMET","C0805C104K5RACTU","","","","","Prototype selection: 100 nF 50 V X7R 10%, 0805. Nominal specifications verified against manufacturer; installed transient validation pending."
"D1","SMAJ24CA","Diode_SMD:D_SMA","1","Bourns","SMAJ24CA","","","","","Bidirectional 24 V TVS candidate; 38.9 V specified clamp is pulse-condition dependent. Source energy, ringing and downstream peak voltage remain open."
"D3","STPST10H100SB","PDB_Footprints:STPST10H100SB_DPAK","1","STMicroelectronics","STPST10H100SB-TR","","","","","Selected power clamp. Connect both anode leads to GND and cathode tab to PDB_VOUT. Pulse/thermal validation required."
"D4","SMAJ24CA","Diode_SMD:D_SMA","1","Bourns","SMAJ24CA","","","","","Selected: local bidirectional clamp from IDEAL_IN to U5 reference IDEAL_VSS."
"D5","SMBJ24CA","Diode_SMD:D_SMB","1","Bourns","SMBJ24CA","","","","","SMBJ24CA retained for local ringing control. Clamp is not a 35 V ceiling; verify installed 4S harness waveforms and pulse energy."
"F1","7.5A MINI","Fuse:Fuseholder_Blade_Mini_Keystone_3568","1","Littelfuse","029707.5WXNV","","3568","Keystone","Mount one Keystone 3568 holder at F1. Supply one Littelfuse 029707.5WXNV separately and insert after soldering. Do not treat blade fuse as an SMT placement.","7.5 A 32 V MINI selected for 5 A continuous avionics allowance (67% of fuse rating). Electronic breaker remains nominally 10 A; fuse, source and conductor coordination remains a release requirement."
"F2","UHS 100A 50V","PDB_Footprints:Fuse_SCHURTER_UHS_8.4x9.4mm","1","SCHURTER","3-140-177","","","","","Selected prototype fuse. Manufacturer pad pattern 3.4 x 6.15 mm, 3.3 mm gap. 100 A/30 s target subject to ambient derating and assembly thermal test; pack fault duty must remain within breaking rating."
"J1","MKDSP 25/2-15.00","PDB_Footprints:Connector_MKDSP25_2_15mm","1","Phoenix Contact","1932588","","","","","Drawing checked 2026-10-01: 15 mm pole pitch, 3.8 mm paired pins, 12.5 mm row pitch, 1.6 mm holes. 125 A part rating is conditional on conductor and temperature; assembly and harness qualification required."
"J2","OSIRIS_I2C","Connector_JST:JST_GH_BM04B-GHS-TBT_1x04-1MP_P1.25mm_Vertical","1","JST","BM04B-GHS-TBT(LF)(SN)","","","","","PDB pinout fixed; Osiris R74/R75 12k pull-ups to switched 3.3 V; 100 kHz, <=90 pF total bus capacitance. No power on pin 1. Physical cable mating and new Rev B mapping unverified."
"J3","MKDSP 25/2-15.00","PDB_Footprints:Connector_MKDSP25_2_15mm","1","Phoenix Contact","1932588","","","","","Drawing checked 2026-10-01: 15 mm pole pitch, 3.8 mm paired pins, 12.5 mm row pitch, 1.6 mm holes. 125 A part rating is conditional on conductor and temperature; assembly and harness qualification required."
"J4","XT60PW-F","PDB_Footprints:AMASS_XT60PW-F_1x02_P7.20mm_Horizontal","1","AMASS","XT60PW-F","","","","","PDB polarity fixed. Verify physical cable contacts and board-edge clearance; old Osiris J16 numbering is not the new Rev B interface."
"Q1","ISC015N06NM5LF2","PDB_Footprints:ISC015N06NM5LF2_TDSON8FL","1","Infineon","ISC015N06NM5LF2ATMA1","","","","",""
"Q2","ISC015N06NM5LF2","PDB_Footprints:ISC015N06NM5LF2_TDSON8FL","1","Infineon","ISC015N06NM5LF2ATMA1","","","","",""
"Q3","BSC070N10NS5","PDB_Footprints:BSC070N10NS5_TDSON8","1","Infineon","BSC070N10NS5ATMA1","","","","","Selected: 100 V low-charge MOSFET. Source IDEAL_IN, drain VBAT_FUSED, gate IDEAL_GATE."
"R1","237k","Resistor_SMD:R_0805_2012Metric","1","YAGEO","RC0805FR-07237KL","","","","","1% 0805 UV divider. Selected for cold-start threshold margin at 12 V; see A-P3 calculation report."
"R2","11k8","Resistor_SMD:R_0805_2012Metric","1","YAGEO","RC0805FR-0711K8L","","","","","1% 0805; lower UV divider resistor."
"R3","2M0","Resistor_SMD:R_0805_2012Metric","1","YAGEO","RC0805FR-072ML","","","","","Package assigned; MPN and power/tolerance validation pending"
"R4","22k","Resistor_SMD:R_0805_2012Metric","1","YAGEO","RC0805FR-0722KL","","","","","U1 GATE directly drives Q1/Q2. R4 is in series with C1 to ground, per LTC4368 Figure 7."
"R5","5m","PDB_Footprints:OH_FC4L64_OHM","1","Ohmite","FC4L64R005FER","","","","","5 mOhm 1% 2 W four-terminal. Nominal breaker 10 A; normal-condition range 7.92-12.12 A. F1 is 7.5 A for a 5 A continuous avionics allowance; conductor/fuse coordination required."
"R6","680k","Resistor_SMD:R_0805_2012Metric","1","YAGEO","RC0805FR-07680KL","","","","","Package assigned; MPN and power/tolerance validation pending"
"R7","200k","Resistor_SMD:R_0805_2012Metric","1","YAGEO","RC0805FR-07200KL","","","","","Package assigned; MPN and power/tolerance validation pending"
"R8","10","Resistor_SMD:R_0805_2012Metric","1","YAGEO","RC0805FR-0710RL","","","","","Package assigned; MPN and power/tolerance validation pending"
"R9","10","Resistor_SMD:R_0805_2012Metric","1","YAGEO","RC0805FR-0710RL","","","","","Package assigned; MPN and power/tolerance validation pending"
"R10","4k7","Resistor_SMD:R_0805_2012Metric","1","YAGEO","RC0805FR-074K7L","","","","","Package assigned; MPN and power/tolerance validation pending"
"R11","1k58","Resistor_SMD:R_0805_2012Metric","1","YAGEO","RC0805FR-071K58L","","","","","A-P2 U3 feedback network; layout and assembled transient verification required."
"R12","1k0","Resistor_SMD:R_0805_2012Metric","1","YAGEO","RC0805FR-071KL","","","","","A-P2 U3 feedback network; layout and assembled transient verification required."
"R13","54k9","Resistor_SMD:R_0805_2012Metric","1","YAGEO","RC0805FR-0754K9L","","","","","Rev-B candidate; MPN pending distributor check"
"R14","22M","Resistor_SMD:R_0805_2012Metric","1","YAGEO","RC0805JR-0722ML","","","","","22 MOhm 5% gate feedback. Manufacturer order code verified; tolerance included in divider calculation."
"R15","10k","Resistor_SMD:R_0805_2012Metric","1","YAGEO","RC0805FR-0710KL","","","","","Rev-B candidate; MPN pending distributor check"
"R16","10k","Resistor_SMD:R_0805_2012Metric","1","YAGEO","RC0805FR-0710KL","","","","","Rev-B candidate; MPN pending distributor check"
"R17","4k7","Resistor_SMD:R_0805_2012Metric","1","YAGEO","RC0805FR-074K7L","DNP","","","","DNP: host owns pull-up to its switched 3.3 V rail. No local pull-up is allowed with an independently powered host."
"R18","4k7","Resistor_SMD:R_0805_2012Metric","1","YAGEO","RC0805FR-074K7L","DNP","","","","DNP: host owns pull-up to its switched 3.3 V rail. No local pull-up is allowed with an independently powered host."
"R19","1k","Resistor_SMD:R_2512_6332Metric","1","Vishay","CRCW25121001FKEGHP","","","","","Selected: 1k 1% CRCW-HP 2512 reference return. Keep close to U5."
"R20","1","Resistor_SMD:R_2512_6332Metric","1","Vishay","CRCW25121R00FKEGHP","","","","","Selected: 1 ohm 1% CRCW-HP 2512 input damping. Verify pulse energy in layout/bench tests."
"R21","100","Resistor_SMD:R_0805_2012Metric","1","Yageo","RC0805FR-07100RL","","","","","Selected: VBUS filter with C14. Allow 1 ms settling before valid measurements."
"TP1","TestPoint","TestPoint:TestPoint_Pad_D1.5mm","1","","","","","","","Bare copper test pad; no fitted part required"
"TP2","TestPoint","TestPoint:TestPoint_Pad_D1.5mm","1","","","","","","","Bare copper test pad; no fitted part required"
"TP3","TestPoint","TestPoint:TestPoint_Pad_D1.5mm","1","","","","","","","Bare copper test pad; no fitted part required"
"TP4","TestPoint","TestPoint:TestPoint_Pad_D1.5mm","1","","","","","","","Bare copper test pad; no fitted part required"
"TP5","TestPoint","TestPoint:TestPoint_Pad_D1.5mm","1","","","","","","","Bare copper test pad; no fitted part required"
"TP6","TestPoint","TestPoint:TestPoint_Pad_D1.5mm","1","","","","","","","Bare copper test pad; no fitted part required"
"TP7","TestPoint","TestPoint:TestPoint_Pad_D1.5mm","1","","","","","","","Bare copper test pad; no fitted part required"
"U1","LTC4368HMS-1-PBF","PDB_Footprints:MS_10-MSOP_ADI","1","Analog Devices","LTC4368HMS-1#TRPBF","","","","",""
"U2","INA228AIDGSR","PDB_Footprints:VSSOP10_DGS_TEX","1","Texas Instruments","INA228AIDGSR","","","","",""
"U3","LT3010EMS8E","Package_SO:MSOP-8-1EP_3x3mm_P0.65mm_EP1.68x1.88mm","1","Analog Devices","LT3010EMS8E#TRPBF","","","","","A-P2 engineering draft: reverse-input/current-protected LT3010; R11/R12/C10 set nominal 3.29 V. Verify startup, effective C6 and assembled rail transients."
"U4","74AUP1G07GW","Package_TO_SOT_SMD:SOT-353_SC-70-5","1","Nexperia","74AUP1G07GW,125","","","","",""
"U5","LTC4359IMS8","Package_SO:MSOP-8_3x3mm_P0.65mm","1","Analog Devices","LTC4359IMS8#TRPBF","","","","","Selected: LTC4359 100 V ideal-diode controller; SHDN tied to IN. VSS return uses R19."
