Comment,Designator,Footprint,Quantity,Manufacturer,MPN,LCSC Part #
22n,C1,C_0805_2012Metric,1,TDK,C2012C0G2A223J125AC,
1U0,"C2,C18",C_0805_2012Metric,2,TDK,C2012X7R1H105K125AB,
100n,"C3,C5,C8,C10",C_0603_1608Metric,4,KEMET,C0603C104K4RACTU,
10u,"C4,C9",C_1206_3216Metric,2,TDK,C3216X7R1H106K160AC,
10u,C6,C_0805_2012Metric,1,TDK,C2012X7R1A106K125AC,
100n,C7,C_0603_1608Metric,1,TDK,C1608X7R1H104K080AA,
1u,"C11,C12,C13,C14,C15,C16",C_Rect_L7.2mm_W4.5mm_P5.00mm_JLC,6,TDK,B32529C0105J189,
470u 35V HYBRID,C17,CP_Elec_Panasonic_G16_10x16.5,1,Panasonic,EEHZS1V471P,
100n 50V X7R,C19,C_0805_2012Metric,1,KEMET,C0805C104K5RACTU,
SMAJ24CA,"D1,D4",D_SMA,2,Bourns,SMAJ24CA,
STPST10H100SB,D3,STPST10H100SB_DPAK,1,STMicroelectronics,STPST10H100SB-TR,
SMBJ24CA,D5,D_SMB,1,Bourns,SMBJ24CA,
MINI fuse holder (blade fuse supplied separately),F1,Fuseholder_Blade_Mini_Keystone_3568,1,Keystone,3568,
UHS 100A 50V,F2,Fuse_SCHURTER_UHS_8.4x9.4mm,1,SCHURTER,3-140-177,
MKDSP 25/2-15.00,"J1,J3",Connector_MKDSP25_2_15mm,2,Phoenix Contact,1932588,
OSIRIS_I2C,J2,JST_GH_BM04B-GHS-TBT_1x04-1MP_P1.25mm_Vertical,1,JST,BM04B-GHS-TBT(LF)(SN),
XT60PW-F,J4,AMASS_XT60PW-F_1x02_P7.20mm_Horizontal,1,AMASS,XT60PW-F,
ISC015N06NM5LF2,"Q1,Q2",ISC015N06NM5LF2_TDSON8FL,2,Infineon,ISC015N06NM5LF2ATMA1,
BSC070N10NS5,Q3,BSC070N10NS5_TDSON8,1,Infineon,BSC070N10NS5ATMA1,
237k,R1,R_0805_2012Metric,1,YAGEO,RC0805FR-07237KL,
11k8,R2,R_0805_2012Metric,1,YAGEO,RC0805FR-0711K8L,
2M0,R3,R_0805_2012Metric,1,YAGEO,RC0805FR-072ML,
22k,R4,R_0805_2012Metric,1,YAGEO,RC0805FR-0722KL,
5m,R5,OH_FC4L64_OHM,1,Ohmite,FC4L64R005FER,
680k,R6,R_0805_2012Metric,1,YAGEO,RC0805FR-07680KL,
200k,R7,R_0805_2012Metric,1,YAGEO,RC0805FR-07200KL,
10,"R8,R9",R_0805_2012Metric,2,YAGEO,RC0805FR-0710RL,
4k7,R10,R_0805_2012Metric,1,YAGEO,RC0805FR-074K7L,
1k58,R11,R_0805_2012Metric,1,YAGEO,RC0805FR-071K58L,
1k0,R12,R_0805_2012Metric,1,YAGEO,RC0805FR-071KL,
54k9,R13,R_0805_2012Metric,1,YAGEO,RC0805FR-0754K9L,
22M,R14,R_0805_2012Metric,1,YAGEO,RC0805JR-0722ML,
10k,"R15,R16",R_0805_2012Metric,2,YAGEO,RC0805FR-0710KL,
1k,R19,R_2512_6332Metric,1,Vishay,CRCW25121001FKEGHP,
1,R20,R_2512_6332Metric,1,Vishay,CRCW25121R00FKEGHP,
100,R21,R_0805_2012Metric,1,Yageo,RC0805FR-07100RL,
LTC4368HMS-1-PBF,U1,MS_10-MSOP_ADI,1,Analog Devices,LTC4368HMS-1#TRPBF,
INA228AIDGSR,U2,VSSOP10_DGS_TEX,1,Texas Instruments,INA228AIDGSR,
LT3010EMS8E,U3,MSOP-8-1EP_3x3mm_P0.65mm_EP1.68x1.88mm,1,Analog Devices,LT3010EMS8E#TRPBF,
74AUP1G07GW,U4,SOT-353_SC-70-5,1,Nexperia,"74AUP1G07GW,125",
LTC4359IMS8,U5,MSOP-8_3x3mm_P0.65mm,1,Analog Devices,LTC4359IMS8#TRPBF,
