Designator,Mid X,Mid Y,Layer,Rotation
C1,163.21,-87.75,Top,0.0
C2,163.71,-90.5,Top,90.0
C3,141.21,-87.0,Top,270.0
C4,166.71,-105.25,Top,0.0
C5,143.71,-111.0,Top,180.0
C6,162.71,-119.0,Top,90.0
C7,147.21,-112.75,Top,90.0
C8,133.96,-113.25,Top,90.0
C9,175.5,-108.25,Top,90.0
C10,159.21,-111.5,Top,270.0
C11,149.96,-105.25,Top,270.0
C12,148.46,-118.25,Top,270.0
C13,153.46,-118.25,Top,270.0
C14,158.46,-118.25,Top,270.0
C15,155.21,-105.25,Top,270.0
C16,126.21,-105.75,Top,180.0
C17,156.8,-75.2,Top,270.0
C18,171.95,-83.45,Top,270.0
C19,174.2,-83.45,Top,270.0
D1,151.71,-92.75,Top,0.0
D3,171.6375,-96.09,Top,270.0
D4,143.21,-108.25,Top,180.0
D5,143.0,-75.0,Top,0.0
F1,130.71,-96.5,Top,0.0
F2,130.0,-76.0,Top,0.0
J1,104.85,-93.55,Top,0.0
J2,168.46,-120.85,Top,180.0
J3,197.610978,-92.35,Top,180.0
J4,185.985,-117.15,Top,270.0
Q1,151.0985,-98.155,Top,180.0
Q2,159.3215,-98.135,Top,0.0
Q3,142.71,-98.4,Top,0.0
R1,151.71,-88.5,Top,90.0
R2,153.21,-85.75,Top,0.0
R3,149.21,-88.5,Top,90.0
R4,159.71,-87.75,Top,0.0
R5,166.0325,-96.7218,Top,0.0
R6,144.322656,-93.528707,Top,0.0
R7,140.71,-92.5,Top,270.0
R8,158.71,-93.0,Top,180.0
R9,163.46,-104.25,Top,270.0
R10,141.96,-117.75,Top,0.0
R11,157.46,-112.0,Top,270.0
R12,162.96,-114.75,Top,0.0
R13,149.21,-85.0,Top,90.0
R14,156.21,-88.5,Top,180.0
R15,135.96,-113.25,Top,270.0
R16,139.21,-114.75,Top,0.0
R19,159.71,-105.25,Top,90.0
R20,134.71,-105.5,Top,180.0
R21,168.21,-102.25,Top,0.0
U1,144.46,-88.0,Top,270.0
U2,152.46,-112.5,Top,180.0
U3,163.21,-112.0,Top,0.0
U4,142.96,-115.0,Top,90.0
U5,143.21,-103.75,Top,0.0
