Comment,Designator,Footprint,Manufacturer,MPN,JLCPCB Part #
22n,C1,Capacitor_SMD:C_0805_2012Metric,TDK,C2012C0G2A223J125AC,
1U0,C2,Capacitor_SMD:C_0805_2012Metric,TDK,C2012X7R1H105K125AB,
100n,C3,Capacitor_SMD:C_0603_1608Metric,KEMET,C0603C104K4RACTU,
10u,C4,Capacitor_SMD:C_1206_3216Metric,TDK,C3216X7R1H106K160AC,
100n,C5,Capacitor_SMD:C_0603_1608Metric,KEMET,C0603C104K4RACTU,
10u,C6,Capacitor_SMD:C_0805_2012Metric,TDK,C2012X7R1A106K125AC,
100n,C7,Capacitor_SMD:C_0603_1608Metric,TDK,C1608X7R1H104K080AA,
100n,C8,Capacitor_SMD:C_0603_1608Metric,KEMET,C0603C104K4RACTU,
10u,C9,Capacitor_SMD:C_1206_3216Metric,TDK,C3216X7R1H106K160AC,
100n,C10,Capacitor_SMD:C_0603_1608Metric,KEMET,C0603C104K4RACTU,
1u,C11,Capacitor_THT:C_Rect_L7.2mm_W4.5mm_P5.00mm,TDK,B32529C0105J189,
1u,C12,Capacitor_THT:C_Rect_L7.2mm_W4.5mm_P5.00mm,TDK,B32529C0105J189,
1u,C13,Capacitor_THT:C_Rect_L7.2mm_W4.5mm_P5.00mm,TDK,B32529C0105J189,
1u,C14,Capacitor_THT:C_Rect_L7.2mm_W4.5mm_P5.00mm,TDK,B32529C0105J189,
1u,C15,Capacitor_THT:C_Rect_L7.2mm_W4.5mm_P5.00mm,TDK,B32529C0105J189,
1u,C16,Capacitor_THT:C_Rect_L7.2mm_W4.5mm_P5.00mm,TDK,B32529C0105J189,
SMAJ24CA,D1,Diode_SMD:D_SMA,Bourns,SMAJ24CA,
STPST10H100SB,D3,PDB_Footprints:STPST10H100SB_DPAK,STMicroelectronics,STPST10H100SB-TR,
SMAJ24CA,D4,Diode_SMD:D_SMA,Bourns,SMAJ24CA,
MINI fuse holder for 4 A blade fuse,F1,Fuse:Fuseholder_Blade_Mini_Keystone_3568,Keystone Electronics,3568,
XT60PW-M,J1,Connector_AMASS:AMASS_XT60PW-M_1x02_P7.20mm_Horizontal,AMASS,XT60PW-M,
OSIRIS_I2C,J2,Connector_JST:JST_GH_BM04B-GHS-TBT_1x04-1MP_P1.25mm_Vertical,JST,BM04B-GHS-TBT(LF)(SN),
XT60PW-F,J3,Connector_AMASS:AMASS_XT60PW-F_1x02_P7.20mm_Horizontal,AMASS,XT60PW-F,
XT60PW-F,J4,Connector_AMASS:AMASS_XT60PW-F_1x02_P7.20mm_Horizontal,AMASS,XT60PW-F,
ISC015N06NM5LF2,Q1,PDB_Footprints:ISC015N06NM5LF2_TDSON8FL,Infineon,ISC015N06NM5LF2ATMA1,
ISC015N06NM5LF2,Q2,PDB_Footprints:ISC015N06NM5LF2_TDSON8FL,Infineon,ISC015N06NM5LF2ATMA1,
BSC070N10NS5,Q3,PDB_Footprints:BSC070N10NS5_TDSON8,Infineon,BSC070N10NS5ATMA1,
237k,R1,Resistor_SMD:R_0805_2012Metric,YAGEO,RC0805FR-07237KL,
11k8,R2,Resistor_SMD:R_0805_2012Metric,YAGEO,RC0805FR-0711K8L,
2M0,R3,Resistor_SMD:R_0805_2012Metric,YAGEO,RC0805FR-072ML,
22k,R4,Resistor_SMD:R_0805_2012Metric,YAGEO,RC0805FR-0722KL,
5m,R5,PDB_Footprints:OH_FC4L64_OHM,Ohmite,FC4L64R005FER,
680k,R6,Resistor_SMD:R_0805_2012Metric,YAGEO,RC0805FR-07680KL,
200k,R7,Resistor_SMD:R_0805_2012Metric,YAGEO,RC0805FR-07200KL,
10,R8,Resistor_SMD:R_0805_2012Metric,YAGEO,RC0805FR-0710RL,
10,R9,Resistor_SMD:R_0805_2012Metric,YAGEO,RC0805FR-0710RL,
4k7,R10,Resistor_SMD:R_0805_2012Metric,YAGEO,RC0805FR-074K7L,
1k58,R11,Resistor_SMD:R_0805_2012Metric,YAGEO,RC0805FR-071K58L,
1k0,R12,Resistor_SMD:R_0805_2012Metric,YAGEO,RC0805FR-071KL,
54k9,R13,Resistor_SMD:R_0805_2012Metric,YAGEO,RC0805FR-0754K9L,
22M,R14,Resistor_SMD:R_0805_2012Metric,YAGEO,RC0805JR-0722ML,
10k,R15,Resistor_SMD:R_0805_2012Metric,YAGEO,RC0805FR-0710KL,
10k,R16,Resistor_SMD:R_0805_2012Metric,YAGEO,RC0805FR-0710KL,
1k,R19,Resistor_SMD:R_2512_6332Metric,Vishay,CRCW25121001FKEGHP,
1,R20,Resistor_SMD:R_2512_6332Metric,Vishay,CRCW25121R00FKEGHP,
100,R21,Resistor_SMD:R_0805_2012Metric,Yageo,RC0805FR-07100RL,
LTC4368HMS-1-PBF,U1,PDB_Footprints:MS_10-MSOP_ADI,Analog Devices,LTC4368HMS-1#TRPBF,
INA228AIDGSR,U2,PDB_Footprints:VSSOP10_DGS_TEX,Texas Instruments,INA228AIDGSR,
LT3010EMS8E,U3,Package_SO:MSOP-8-1EP_3x3mm_P0.65mm_EP1.68x1.88mm,Analog Devices,LT3010EMS8E#TRPBF,
74AUP1G07GW,U4,Package_TO_SOT_SMD:SOT-353_SC-70-5,Nexperia,"74AUP1G07GW,125",
LTC4359IMS8,U5,Package_SO:MSOP-8_3x3mm_P0.65mm,Analog Devices,LTC4359IMS8#TRPBF,
