Ref,Val,Package,PosX,PosY,Rot,Side
"C1","22n","C_0805_2012Metric",76.000000,-18.500000,0.000000,top
"C2","1U0","C_0805_2012Metric",76.500000,-21.250000,90.000000,top
"C3","100n","C_0603_1608Metric",54.000000,-17.750000,-90.000000,top
"C4","10u","C_1206_3216Metric",79.500000,-36.000000,0.000000,top
"C5","100n","C_0603_1608Metric",56.500000,-41.750000,180.000000,top
"C6","10u","C_0805_2012Metric",75.500000,-49.750000,90.000000,top
"C7","100n","C_0603_1608Metric",60.000000,-43.500000,90.000000,top
"C8","100n","C_0603_1608Metric",46.750000,-44.000000,90.000000,top
"C9","10u","C_1206_3216Metric",88.500000,-34.000000,-90.000000,top
"C10","100n","C_0603_1608Metric",72.000000,-42.250000,-90.000000,top
"C11","1u","C_Rect_L7.2mm_W4.5mm_P5.00mm",62.750000,-33.500000,-90.000000,top
"C12","1u","C_Rect_L7.2mm_W4.5mm_P5.00mm",61.250000,-46.500000,-90.000000,top
"C13","1u","C_Rect_L7.2mm_W4.5mm_P5.00mm",66.250000,-46.500000,-90.000000,top
"C14","1u","C_Rect_L7.2mm_W4.5mm_P5.00mm",71.250000,-46.500000,-90.000000,top
"C15","1u","C_Rect_L7.2mm_W4.5mm_P5.00mm",68.000000,-33.500000,-90.000000,top
"C16","1u","C_Rect_L7.2mm_W4.5mm_P5.00mm",41.500000,-36.500000,180.000000,top
"D1","SMAJ24CA","D_SMA",64.500000,-23.500000,0.000000,top
"D3","STPST10H100SB","STPST10H100SB_DPAK",84.427500,-26.840000,-90.000000,top
"D4","SMAJ24CA","D_SMA",56.000000,-39.000000,180.000000,top
"F1","4A MINI","Fuseholder_Blade_Mini_Keystone_3568",38.540000,-25.550000,0.000000,top
"H1","MountingHole","MountingHole_3.2mm_M3_ISO14580",45.500000,-18.750000,0.000000,top
"H2","MountingHole","MountingHole_3.2mm_M3_ISO14580",90.500000,-18.750000,0.000000,top
"H3","MountingHole","MountingHole_3.2mm_M3_ISO14580",90.500000,-59.500000,0.000000,top
"H4","MountingHole","MountingHole_3.2mm_M3_ISO14580",45.500000,-58.750000,0.000000,top
"J1","XT60PW-M","AMASS_XT60PW-M_1x02_P7.20mm_Horizontal",31.150000,-33.850000,90.000000,top
"J2","OSIRIS_I2C","JST_GH_BM04B-GHS-TBT_1x04-1MP_P1.25mm_Vertical",81.250000,-51.600000,180.000000,top
"J3","XT60PW-F","AMASS_XT60PW-F_1x02_P7.20mm_Horizontal",92.250000,-34.750000,-90.000000,top
"J4","XT60PW-F","AMASS_XT60PW-F_1x02_P7.20mm_Horizontal",92.125000,-51.500000,-90.000000,top
"Q1","ISC015N06NM5LF2","ISC015N06NM5LF2_TDSON8FL",63.888500,-28.905000,180.000000,top
"Q2","ISC015N06NM5LF2","ISC015N06NM5LF2_TDSON8FL",72.111500,-28.885000,0.000000,top
"Q3","BSC070N10NS5","BSC070N10NS5_TDSON8",55.500000,-29.150000,0.000000,top
"R1","237k","R_0805_2012Metric",64.500000,-19.250000,90.000000,top
"R2","11k8","R_0805_2012Metric",66.000000,-16.500000,0.000000,top
"R3","2M0","R_0805_2012Metric",62.000000,-19.250000,90.000000,top
"R4","22k","R_0805_2012Metric",72.500000,-18.500000,0.000000,top
"R5","5m","OH_FC4L64_OHM",78.822500,-27.471800,0.000000,top
"R6","680k","R_0805_2012Metric",57.112656,-24.278707,0.000000,top
"R7","200k","R_0805_2012Metric",53.500000,-23.250000,-90.000000,top
"R8","10","R_0805_2012Metric",71.500000,-23.750000,180.000000,top
"R9","10","R_0805_2012Metric",76.250000,-35.000000,-90.000000,top
"R10","4k7","R_0805_2012Metric",54.750000,-48.500000,0.000000,top
"R11","1k58","R_0805_2012Metric",70.250000,-42.750000,-90.000000,top
"R12","1k0","R_0805_2012Metric",75.750000,-45.500000,0.000000,top
"R13","54k9","R_0805_2012Metric",62.000000,-15.750000,90.000000,top
"R14","22M","R_0805_2012Metric",69.000000,-19.250000,180.000000,top
"R15","10k","R_0805_2012Metric",48.750000,-44.000000,-90.000000,top
"R16","10k","R_0805_2012Metric",52.000000,-45.500000,0.000000,top
"R19","1k","R_2512_6332Metric",72.500000,-36.000000,90.000000,top
"R20","1","R_2512_6332Metric",47.500000,-36.250000,180.000000,top
"R21","100","R_0805_2012Metric",81.000000,-33.000000,0.000000,top
"TP1","TestPoint","TestPoint_Pad_D1.5mm",51.250000,-19.000000,0.000000,top
"TP2","TestPoint","TestPoint_Pad_D1.5mm",74.750000,-14.750000,0.000000,top
"TP3","TestPoint","TestPoint_Pad_D1.5mm",78.500000,-14.750000,0.000000,top
"TP4","TestPoint","TestPoint_Pad_D1.5mm",82.000000,-14.750000,0.000000,top
"TP5","TestPoint","TestPoint_Pad_D1.5mm",50.000000,-53.250000,0.000000,top
"TP6","TestPoint","TestPoint_Pad_D1.5mm",53.750000,-53.250000,0.000000,top
"TP7","TestPoint","TestPoint_Pad_D1.5mm",57.250000,-53.250000,0.000000,top
"U1","LTC4368HMS-1-PBF","MS_10-MSOP_ADI",57.250000,-18.750000,-90.000000,top
"U2","INA228AIDGSR","VSSOP10_DGS_TEX",65.250000,-43.250000,180.000000,top
"U3","LT3010EMS8E","MSOP-8-1EP_3x3mm_P0.65mm_EP1.68x1.88mm",76.000000,-42.750000,0.000000,top
"U4","74AUP1G07GW","SOT-353_SC-70-5",55.750000,-45.750000,90.000000,top
"U5","LTC4359IMS8","MSOP-8_3x3mm_P0.65mm",56.000000,-34.500000,0.000000,top
