"Reference","Value","Footprint","Manufacturer","MPN","Holder_Manufacturer","Holder_MPN","DNP"
"C1","22n","Capacitor_SMD:C_0805_2012Metric","TDK","C2012C0G2A223J125AC","","",""
"C2","1U0","Capacitor_SMD:C_0805_2012Metric","TDK","C2012X7R1H105K125AB","","",""
"C3","100n","Capacitor_SMD:C_0603_1608Metric","KEMET","C0603C104K4RACTU","","",""
"C4","10u","Capacitor_SMD:C_1206_3216Metric","TDK","C3216X7R1H106K160AC","","",""
"C5","100n","Capacitor_SMD:C_0603_1608Metric","KEMET","C0603C104K4RACTU","","",""
"C6","10u","Capacitor_SMD:C_0805_2012Metric","TDK","C2012X7R1A106K125AC","","",""
"C7","100n","Capacitor_SMD:C_0603_1608Metric","TDK","C1608X7R1H104K080AA","","",""
"C8","100n","Capacitor_SMD:C_0603_1608Metric","KEMET","C0603C104K4RACTU","","",""
"C9","10u","Capacitor_SMD:C_1206_3216Metric","TDK","C3216X7R1H106K160AC","","",""
"C10","100n","Capacitor_SMD:C_0603_1608Metric","KEMET","C0603C104K4RACTU","","",""
"C11","1u","Capacitor_THT:C_Rect_L7.2mm_W4.5mm_P5.00mm","TDK","B32529C0105J189","","",""
"C12","1u","Capacitor_THT:C_Rect_L7.2mm_W4.5mm_P5.00mm","TDK","B32529C0105J189","","",""
"C13","1u","Capacitor_THT:C_Rect_L7.2mm_W4.5mm_P5.00mm","TDK","B32529C0105J189","","",""
"C14","1u","Capacitor_THT:C_Rect_L7.2mm_W4.5mm_P5.00mm","TDK","B32529C0105J189","","",""
"C15","1u","Capacitor_THT:C_Rect_L7.2mm_W4.5mm_P5.00mm","TDK","B32529C0105J189","","",""
"C16","1u","Capacitor_THT:C_Rect_L7.2mm_W4.5mm_P5.00mm","TDK","B32529C0105J189","","",""
"D1","SMAJ24CA","Diode_SMD:D_SMA","Bourns","SMAJ24CA","","",""
"D3","STPST10H100SB","PDB_Footprints:STPST10H100SB_DPAK","STMicroelectronics","STPST10H100SB-TR","","",""
"D4","SMAJ24CA","Diode_SMD:D_SMA","Bourns","SMAJ24CA","","",""
"F1","4A MINI","Fuse:Fuseholder_Blade_Mini_Keystone_3568","Littelfuse","0297004.WXNV","Keystone Electronics","3568",""
"J1","XT60PW-M","Connector_AMASS:AMASS_XT60PW-M_1x02_P7.20mm_Horizontal","AMASS","XT60PW-M","","",""
"J2","OSIRIS_I2C","Connector_JST:JST_GH_BM04B-GHS-TBT_1x04-1MP_P1.25mm_Vertical","JST","BM04B-GHS-TBT(LF)(SN)","","",""
"J3","XT60PW-F","Connector_AMASS:AMASS_XT60PW-F_1x02_P7.20mm_Horizontal","AMASS","XT60PW-F","","",""
"J4","XT60PW-F","Connector_AMASS:AMASS_XT60PW-F_1x02_P7.20mm_Horizontal","AMASS","XT60PW-F","","",""
"Q1","ISC015N06NM5LF2","PDB_Footprints:ISC015N06NM5LF2_TDSON8FL","Infineon","ISC015N06NM5LF2ATMA1","","",""
"Q2","ISC015N06NM5LF2","PDB_Footprints:ISC015N06NM5LF2_TDSON8FL","Infineon","ISC015N06NM5LF2ATMA1","","",""
"Q3","BSC070N10NS5","PDB_Footprints:BSC070N10NS5_TDSON8","Infineon","BSC070N10NS5ATMA1","","",""
"R1","237k","Resistor_SMD:R_0805_2012Metric","YAGEO","RC0805FR-07237KL","","",""
"R2","11k8","Resistor_SMD:R_0805_2012Metric","YAGEO","RC0805FR-0711K8L","","",""
"R3","2M0","Resistor_SMD:R_0805_2012Metric","YAGEO","RC0805FR-072ML","","",""
"R4","22k","Resistor_SMD:R_0805_2012Metric","YAGEO","RC0805FR-0722KL","","",""
"R5","5m","PDB_Footprints:OH_FC4L64_OHM","Ohmite","FC4L64R005FER","","",""
"R6","680k","Resistor_SMD:R_0805_2012Metric","YAGEO","RC0805FR-07680KL","","",""
"R7","200k","Resistor_SMD:R_0805_2012Metric","YAGEO","RC0805FR-07200KL","","",""
"R8","10","Resistor_SMD:R_0805_2012Metric","YAGEO","RC0805FR-0710RL","","",""
"R9","10","Resistor_SMD:R_0805_2012Metric","YAGEO","RC0805FR-0710RL","","",""
"R10","4k7","Resistor_SMD:R_0805_2012Metric","YAGEO","RC0805FR-074K7L","","",""
"R11","1k58","Resistor_SMD:R_0805_2012Metric","YAGEO","RC0805FR-071K58L","","",""
"R12","1k0","Resistor_SMD:R_0805_2012Metric","YAGEO","RC0805FR-071KL","","",""
"R13","54k9","Resistor_SMD:R_0805_2012Metric","YAGEO","RC0805FR-0754K9L","","",""
"R14","22M","Resistor_SMD:R_0805_2012Metric","YAGEO","RC0805JR-0722ML","","",""
"R15","10k","Resistor_SMD:R_0805_2012Metric","YAGEO","RC0805FR-0710KL","","",""
"R16","10k","Resistor_SMD:R_0805_2012Metric","YAGEO","RC0805FR-0710KL","","",""
"R17","4k7","Resistor_SMD:R_0805_2012Metric","YAGEO","RC0805FR-074K7L","","","DNP"
"R18","4k7","Resistor_SMD:R_0805_2012Metric","YAGEO","RC0805FR-074K7L","","","DNP"
"R19","1k","Resistor_SMD:R_2512_6332Metric","Vishay","CRCW25121001FKEGHP","","",""
"R20","1","Resistor_SMD:R_2512_6332Metric","Vishay","CRCW25121R00FKEGHP","","",""
"R21","100","Resistor_SMD:R_0805_2012Metric","Yageo","RC0805FR-07100RL","","",""
"TP1","TestPoint","TestPoint:TestPoint_Pad_D1.5mm","","","","",""
"TP2","TestPoint","TestPoint:TestPoint_Pad_D1.5mm","","","","",""
"TP3","TestPoint","TestPoint:TestPoint_Pad_D1.5mm","","","","",""
"TP4","TestPoint","TestPoint:TestPoint_Pad_D1.5mm","","","","",""
"TP5","TestPoint","TestPoint:TestPoint_Pad_D1.5mm","","","","",""
"TP6","TestPoint","TestPoint:TestPoint_Pad_D1.5mm","","","","",""
"TP7","TestPoint","TestPoint:TestPoint_Pad_D1.5mm","","","","",""
"U1","LTC4368HMS-1-PBF","PDB_Footprints:MS_10-MSOP_ADI","Analog Devices","LTC4368HMS-1#TRPBF","","",""
"U2","INA228AIDGSR","PDB_Footprints:VSSOP10_DGS_TEX","Texas Instruments","INA228AIDGSR","","",""
"U3","LT3010EMS8E","Package_SO:MSOP-8-1EP_3x3mm_P0.65mm_EP1.68x1.88mm","Analog Devices","LT3010EMS8E#TRPBF","","",""
"U4","74AUP1G07GW","Package_TO_SOT_SMD:SOT-353_SC-70-5","Nexperia","74AUP1G07GW,125","","",""
"U5","LTC4359IMS8","Package_SO:MSOP-8_3x3mm_P0.65mm","Analog Devices","LTC4359IMS8#TRPBF","","",""
