mpn,refs,qty,value,package,route,decision,critical,carrier,source,manufacturer,footprint,current_refs,legacy_refs
0297004.WXNV,F1,1,4A MINI,MINI blade fuse,Manual insertion,Hold final rating,4 A candidate; new Rev B load budget not defined,No SMT feeder allocated,${KIPRJMOD}/Datasheets/Littelfuse_297_MINI.pdf,Littelfuse,Fuse:Fuseholder_Blade_Mini_Keystone_3568,,
"74AUP1G07GW,125",U4,1,74AUP1G07GW,SOT-353,SMT,Prototype quantity,Nominal baseline; final circuit qualification pending,Tape/reel or continuous cut tape; verify carrier dimensions,${KIPRJMOD}/Datasheets/Nexperia_74AUP1G07.pdf,Nexperia,Package_TO_SOT_SMD:SOT-353_SC-70-5,,
BM04B-GHS-TBT(LF)(SN),J2,1,OSIRIS_I2C,JST GH 4-pin vertical,SMT,Prototype quantity,PDB connector baseline; new top-facing Rev B ports may differ,Tape/reel or continuous cut tape; verify carrier dimensions,${KIPRJMOD}/Datasheets/JST_GH.pdf,JST,Connector_JST:JST_GH_BM04B-GHS-TBT_1x04-1MP_P1.25mm_Vertical,"J27, J28, J29, J30, J37","J27, J28, J29, J30, J37"
C0603C104K4RACTU,"C3, C5, C8",3,100n,0603 (EIA),SMT,Prototype quantity,Nominal baseline; final circuit qualification pending,Tape/reel or continuous cut tape; verify carrier dimensions,${KIPRJMOD}/Datasheets/KEMET_C0603C104K4RACTU.pdf,KEMET,Capacitor_SMD:C_0603_1608Metric,,
C1608X7R1H104K080AA,C7,1,100n,0603 (EIA),SMT,Prototype quantity,Nominal baseline; final circuit qualification pending,Tape/reel or continuous cut tape; verify carrier dimensions,https://product.tdk.com/en/search/capacitor/ceramic/mlcc/info?part_no=C1608X7R1H104K080AA,TDK,Capacitor_SMD:C_0603_1608Metric,,
C2012C0G2A562J125AA,C1,1,5n6,0805 (EIA),SMT,Prototype quantity,Nominal baseline; final circuit qualification pending,Tape/reel or continuous cut tape; verify carrier dimensions,https://product.tdk.com/en/search/capacitor/ceramic/mlcc/info?part_no=C2012C0G2A562J125AA,TDK,Capacitor_SMD:C_0805_2012Metric,,
C2012X7R1A106K125AC,C6,1,10u,0805 (EIA),SMT,Prototype quantity,Nominal baseline; final circuit qualification pending,Tape/reel or continuous cut tape; verify carrier dimensions,https://product.tdk.com/en/search/capacitor/ceramic/mlcc/info?part_no=C2012X7R1A106K125AC,TDK,Capacitor_SMD:C_0805_2012Metric,,
C2012X7R1H105K125AB,C2,1,1U0,0805 (EIA),SMT,Prototype quantity,Nominal baseline; final circuit qualification pending,Tape/reel or continuous cut tape; verify carrier dimensions,https://product.tdk.com/en/search/capacitor/ceramic/mlcc/info?part_no=C2012X7R1H105K125AB,TDK,Capacitor_SMD:C_0805_2012Metric,,
C3216X7R1H106K160AC,"C4, C9",2,10u,1206 (EIA),SMT,Prototype quantity,Nominal baseline; final circuit qualification pending,Tape/reel or continuous cut tape; verify carrier dimensions,https://product.tdk.com/en/search/capacitor/ceramic/mlcc/info?part_no=C3216X7R1H106K160AC,TDK,Capacitor_SMD:C_1206_3216Metric,,
FC4L64R005FER,R5,1,FC4L64R005FER,6432 4-terminal,SMT,Prototype quantity,Nominal baseline; final circuit qualification pending,Tape/reel or continuous cut tape; verify carrier dimensions,https://www.ohmite.com/res-fc4l/,Ohmite,PDB_Footprints:OH_FC4L64_OHM,,
INA228AIDGSR,U2,1,INA228AIDGSR,VSSOP-10,SMT,Prototype quantity,Nominal baseline; final circuit qualification pending,Tape/reel or continuous cut tape; verify carrier dimensions,${KIPRJMOD}/Datasheets/INA228.pdf,Texas Instruments,PDB_Footprints:VSSOP10_DGS_TEX,IC11,IC11
ISC015N06NM5LF2ATMA1,"Q1, Q2",2,ISC015N06NM5LF2,TDSON-8 5x6 mm,SMT,Prototype quantity,Fault/clamp/SOA validation open; avoid production-volume buy,Tape/reel or continuous cut tape; verify carrier dimensions,${KIPRJMOD}/Datasheets/Datasheet ISC015N06NM5LF2.pdf,Infineon,PDB_Footprints:ISC015N06NM5LF2_TDSON8FL,,
LTC4368IMS-1#TRPBF,U1,1,LTC4368IMS-1-PBF,MSOP-10,SMT,Prototype quantity,TRPBF tape/reel option; preserve -1 and MSOP package,Tape/reel or continuous cut tape; verify carrier dimensions,${KIPRJMOD}/Datasheets/LTC4368 (Rev C).pdf,Analog Devices,PDB_Footprints:MS_10-MSOP_ADI,,
MBR0540T1G,"D2, D3",2,MBR0540,SOD-123,SMT,Prototype quantity,Fault/clamp/SOA validation open; avoid production-volume buy,Tape/reel or continuous cut tape; verify carrier dimensions,${KIPRJMOD}/Datasheets/onsemi_MBR0540.pdf,onsemi,Diode_SMD:D_SOD-123,,
RC0805FR-0710RL,"R8, R9",2,10,0805 (EIA),SMT,Prototype quantity,Nominal baseline; final circuit qualification pending,Tape/reel or continuous cut tape; verify carrier dimensions,https://yageogroup.com/component-documentation/download/specsheet/RC0805FR-0710RL,YAGEO,Resistor_SMD:R_0805_2012Metric,,
RC0805FR-07200KL,R7,1,200k,0805 (EIA),SMT,Prototype quantity,Nominal baseline; final circuit qualification pending,Tape/reel or continuous cut tape; verify carrier dimensions,https://yageogroup.com/component-documentation/download/specsheet/RC0805FR-07200KL,YAGEO,Resistor_SMD:R_0805_2012Metric,,
RC0805FR-0722KL,R4,1,22k,0805 (EIA),SMT,Prototype quantity,Nominal baseline; final circuit qualification pending,Tape/reel or continuous cut tape; verify carrier dimensions,https://yageogroup.com/component-documentation/download/specsheet/RC0805FR-0722KL,YAGEO,Resistor_SMD:R_0805_2012Metric,,
RC0805FR-072ML,R1,1,2M0,0805 (EIA),SMT,Prototype quantity,Nominal baseline; final circuit qualification pending,Tape/reel or continuous cut tape; verify carrier dimensions,https://yageogroup.com/component-documentation/download/specsheet/RC0805FR-072ML,YAGEO,Resistor_SMD:R_0805_2012Metric,,
RC0805FR-0743K2L,R2,1,43k2,0805 (EIA),SMT,Prototype quantity,Nominal baseline; final circuit qualification pending,Tape/reel or continuous cut tape; verify carrier dimensions,https://yageogroup.com/component-documentation/download/specsheet/RC0805FR-0743K2L,YAGEO,Resistor_SMD:R_0805_2012Metric,,
RC0805FR-074K7L,R10,1,4k7,0805 (EIA),SMT,Prototype quantity,Nominal baseline; final circuit qualification pending,Tape/reel or continuous cut tape; verify carrier dimensions,https://yageogroup.com/component-documentation/download/specsheet/RC0805FR-074K7L,YAGEO,Resistor_SMD:R_0805_2012Metric,,
RC0805FR-0756K2L,R3,1,56k2,0805 (EIA),SMT,Prototype quantity,Nominal baseline; final circuit qualification pending,Tape/reel or continuous cut tape; verify carrier dimensions,https://yageogroup.com/component-documentation/download/specsheet/RC0805FR-0756K2L,YAGEO,Resistor_SMD:R_0805_2012Metric,,
RC0805FR-07680KL,R6,1,680k,0805 (EIA),SMT,Prototype quantity,Nominal baseline; final circuit qualification pending,Tape/reel or continuous cut tape; verify carrier dimensions,https://yageogroup.com/component-documentation/download/specsheet/RC0805FR-07680KL,YAGEO,Resistor_SMD:R_0805_2012Metric,,
SMAJ24CA,D1,1,SMAJ24CA,SMA,SMT,Prototype quantity,Fault/clamp/SOA validation open; avoid production-volume buy,Tape/reel or continuous cut tape; verify carrier dimensions,${KIPRJMOD}/Datasheets/Bourns_SMAJ_TVS.pdf,Bourns,Diode_SMD:D_SMA,,
TPS7A1633DGNR,U3,1,TPS7A1633DGNR,MSOP-8 exposed pad,SMT,Prototype quantity,Nominal baseline; final circuit qualification pending,Tape/reel or continuous cut tape; verify carrier dimensions,${KIPRJMOD}/Datasheets/TPS7A16.pdf,Texas Instruments,PDB_Footprints:DGN0008C_N,,
3568,F1-holder,1,MINI fuse holder,MINI fuse holder TH,Through-hole / hand,Prototype quantity,Nominal baseline; final circuit qualification pending,No SMT feeder allocated,${KIPRJMOD}/Datasheets/Keystone_3568.pdf,Keystone Electronics,Fuse:Fuseholder_Blade_Mini_Keystone_3568,,
XT60PW-F,J3,1,XT60PW-F,XT60 horizontal TH,Through-hole / hand,Prototype quantity,PDB connector baseline; new top-facing Rev B ports may differ,No SMT feeder allocated,${KIPRJMOD}/Datasheets/AMASS_XT60PW-F.pdf,AMASS,Connector_AMASS:AMASS_XT60PW-F_1x02_P7.20mm_Horizontal,J15,J15
XT60PW-M,J1,1,XT60PW-M,XT60 horizontal TH,Through-hole / hand,Prototype quantity,PDB connector baseline; new top-facing Rev B ports may differ,No SMT feeder allocated,${KIPRJMOD}/Datasheets/AMASS_XT60PW-M.pdf,AMASS,Connector_AMASS:AMASS_XT60PW-M_1x02_P7.20mm_Horizontal,J16,J16
